City,Country,Lat,Lng,Max Temp,Humidity,Cloudiness,Wind Speed,Current Description
georgetown,MY,5.4112,100.3354,81.95,87.0,20.0,2.3,few clouds
coquimbo,CL,-29.9533,-71.3436,67.73,68.0,0.0,16.11,clear sky
tuatapere,NZ,-46.1333,167.6833,51.82,84.0,77.0,1.77,broken clouds
jiayuguan,CN,39.8167,98.3,20.89,51.0,6.0,1.05,clear sky
mataura,NZ,-46.1927,168.8643,51.48,88.0,73.0,2.01,broken clouds
san pedro,PH,14.35,121.0167,78.35,82.0,20.0,3.44,few clouds
barrow,US,71.2906,-156.7887,-2.18,65.0,100.0,6.91,overcast clouds
siniscola,IT,40.5719,9.6922,49.55,73.0,0.0,0.34,clear sky
kapaa,US,22.0752,-159.319,70.12,85.0,100.0,4.61,heavy intensity rain
albany,US,42.6001,-73.9662,29.62,56.0,100.0,1.01,overcast clouds
kokrajhar,IN,26.399,90.2718,64.42,56.0,99.0,6.6,overcast clouds
ushuaia,AR,-54.8,-68.3,56.86,62.0,40.0,6.91,scattered clouds
menongue,AO,-14.6585,17.691,73.13,54.0,55.0,7.27,broken clouds
castro,BR,-24.7911,-50.0119,86.99,41.0,0.0,4.79,clear sky
thompson,CA,55.7435,-97.8558,-12.84,70.0,75.0,9.22,broken clouds
saint anthony,US,45.0205,-93.218,2.34,72.0,0.0,1.01,clear sky
bay roberts,CA,47.5999,-53.2648,30.51,89.0,100.0,7.0,overcast clouds
roald,NO,62.5833,6.1333,47.34,76.0,75.0,28.77,broken clouds
east london,ZA,-33.0153,27.9116,76.14,73.0,0.0,18.41,clear sky
olafsvik,IS,64.8945,-23.7142,27.05,58.0,100.0,28.01,overcast clouds
khasan,RU,42.4308,130.6434,19.38,53.0,0.0,9.91,clear sky
pevek,RU,69.7008,170.3133,-15.41,97.0,100.0,17.65,overcast clouds
dikson,RU,73.5069,80.5464,-13.36,100.0,99.0,12.15,overcast clouds
saint-philippe,RE,-21.3585,55.7679,81.99,82.0,83.0,11.21,broken clouds
broome,US,42.2506,-75.833,29.7,66.0,100.0,5.01,overcast clouds
bowen,AU,-20.0167,148.2333,70.02,76.0,84.0,10.11,broken clouds
hithadhoo,MV,-0.6,73.0833,82.35,71.0,72.0,16.4,broken clouds
mar del plata,AR,-38.0023,-57.5575,86.02,50.0,75.0,15.01,broken clouds
nuuk,GL,64.1835,-51.7216,19.44,83.0,100.0,9.84,overcast clouds
melo,UY,-32.3667,-54.1833,103.93,24.0,32.0,11.65,scattered clouds
port macquarie,AU,-31.4333,152.9167,64.89,88.0,79.0,7.05,broken clouds
chicama,PE,-7.8447,-79.1469,66.74,58.0,15.0,10.38,few clouds
aswan,EG,24.0934,32.907,58.89,26.0,0.0,11.01,clear sky
bengkulu,ID,-3.8004,102.2655,76.39,89.0,92.0,3.74,overcast clouds
norman wells,CA,65.282,-126.8329,3.24,72.0,100.0,13.8,light snow
pitimbu,BR,-7.4706,-34.8086,88.39,59.0,44.0,9.91,scattered clouds
vao,NC,-22.6667,167.4833,76.68,75.0,51.0,11.16,broken clouds
butaritari,KI,3.0707,172.7902,81.86,80.0,86.0,17.78,light rain
yellowknife,CA,62.456,-114.3525,-19.59,90.0,20.0,6.91,few clouds
saint-leu,RE,-21.15,55.2833,81.46,83.0,64.0,11.21,light rain
cape town,ZA,-33.9258,18.4232,78.28,75.0,75.0,1.01,broken clouds
vostok,RU,46.4856,135.8833,-15.14,99.0,99.0,4.23,overcast clouds
harper,LR,4.375,-7.7169,83.17,69.0,5.0,12.62,clear sky
chapais,CA,49.7834,-74.8492,-7.82,86.0,100.0,10.33,overcast clouds
port said,EG,31.2565,32.2841,51.78,82.0,40.0,6.91,scattered clouds
port blair,IN,11.6667,92.75,73.44,94.0,40.0,2.3,mist
srednekolymsk,RU,67.45,153.6833,-37.59,99.0,100.0,6.96,overcast clouds
arraial do cabo,BR,-22.9661,-42.0278,87.76,61.0,0.0,24.16,clear sky
busselton,AU,-33.65,115.3333,65.08,75.0,44.0,15.52,scattered clouds
qaanaaq,GL,77.484,-69.3632,-5.91,69.0,100.0,4.88,overcast clouds
sept-iles,CA,50.2001,-66.3821,15.06,83.0,100.0,4.61,overcast clouds
ahar,IR,38.4774,47.0699,14.0,71.0,0.0,9.93,clear sky
omsukchan,RU,62.5333,155.8,-36.72,100.0,43.0,5.28,scattered clouds
turukhansk,RU,65.8167,87.9833,5.7,97.0,100.0,7.7,overcast clouds
nanortalik,GL,60.1432,-45.2371,22.86,82.0,97.0,4.79,overcast clouds
jamestown,US,42.097,-79.2353,25.92,64.0,100.0,5.99,mist
vaini,TO,-21.2,-175.2,75.36,94.0,20.0,4.61,few clouds
jipijapa,EC,-1.3333,-80.5833,78.3,65.0,79.0,1.19,light rain
eureka,US,40.8021,-124.1637,52.41,80.0,0.0,6.73,clear sky
mashhad,IR,36.297,59.6062,33.94,55.0,0.0,4.61,clear sky
whitehorse,CA,60.7161,-135.0538,32.77,64.0,20.0,12.66,few clouds
new norfolk,AU,-42.7826,147.0587,61.72,71.0,98.0,2.53,overcast clouds
esperance,AU,-33.8667,121.9,65.12,76.0,13.0,8.32,few clouds
hilo,US,19.7297,-155.09,69.53,88.0,75.0,5.75,moderate rain
katsuura,JP,35.1333,140.3,43.11,92.0,100.0,7.16,heavy intensity rain
punta arenas,CL,-53.15,-70.9167,57.31,54.0,75.0,26.46,broken clouds
narnaul,IN,28.0444,76.1083,52.61,60.0,33.0,5.37,scattered clouds
nikolskoye,RU,59.7035,30.7861,24.87,94.0,99.0,7.36,light snow
harrisonville,US,38.6533,-94.3488,43.2,66.0,40.0,12.66,scattered clouds
tuktoyaktuk,CA,69.4541,-133.0374,1.4,85.0,100.0,16.11,light snow
tasiilaq,GL,65.6145,-37.6368,15.96,46.0,5.0,23.87,clear sky
carnarvon,AU,-24.8667,113.6333,82.47,57.0,7.0,21.85,clear sky
cururupu,BR,-1.8283,-44.8683,85.37,66.0,29.0,5.86,scattered clouds
inuvik,CA,68.3499,-133.7218,2.16,82.0,75.0,2.3,broken clouds
tilichiki,RU,60.4667,166.1,-21.32,86.0,33.0,7.63,scattered clouds
hasaki,JP,35.7333,140.8333,39.6,90.0,100.0,10.49,overcast clouds
ranghulu,CN,46.65,124.8667,-8.7,100.0,46.0,2.08,scattered clouds
marsh harbour,BS,26.5412,-77.0636,71.4,76.0,95.0,7.83,overcast clouds
rafai,CF,4.95,23.9167,81.27,26.0,38.0,2.44,scattered clouds
lubango,AO,-14.9172,13.4925,63.61,79.0,99.0,5.1,light rain
san patricio,US,28.017,-97.5169,57.29,39.0,100.0,7.09,overcast clouds
almazar,UZ,40.3217,69.0106,33.51,67.0,51.0,4.65,broken clouds
tiksi,RU,71.6872,128.8694,-7.31,98.0,100.0,5.66,overcast clouds
rikitea,PF,-23.1203,-134.9692,78.33,75.0,100.0,14.29,overcast clouds
kalakamati,BW,-20.5929,27.3121,69.03,55.0,84.0,10.87,broken clouds
aripuana,BR,-9.1667,-60.6333,80.83,73.0,99.0,2.59,overcast clouds
oum hadjer,TD,13.2954,19.6966,81.52,13.0,4.0,8.23,clear sky
gari,RU,59.4307,62.3497,6.82,97.0,93.0,4.0,overcast clouds
fonyod,HU,46.7555,17.5795,34.95,76.0,100.0,12.15,overcast clouds
bredasdorp,ZA,-34.5322,20.0403,79.92,61.0,34.0,10.36,scattered clouds
puerto ayora,EC,-0.7393,-90.3518,80.56,79.0,95.0,10.02,overcast clouds
pisco,PE,-13.7,-76.2167,76.01,78.0,0.0,10.36,clear sky
nefteyugansk,RU,61.0998,72.6035,8.85,97.0,95.0,3.89,overcast clouds
tianpeng,CN,30.9866,103.9393,46.87,85.0,100.0,6.31,overcast clouds
mount gambier,AU,-37.8333,140.7667,66.11,72.0,96.0,5.75,overcast clouds
hovd,MN,48.0056,91.6419,-1.64,74.0,1.0,5.95,clear sky
mount isa,AU,-20.7333,139.5,74.97,100.0,75.0,4.61,broken clouds
raudeberg,NO,61.9875,5.1352,46.2,83.0,100.0,15.01,overcast clouds
gazanjyk,TM,39.2446,55.5154,39.9,54.0,63.0,15.37,broken clouds
bluff,NZ,-46.6,168.3333,51.8,69.0,90.0,0.74,overcast clouds
saint george,US,37.1041,-113.5841,46.87,52.0,0.0,3.0,clear sky
maldonado,UY,-34.6667,-54.9167,78.19,86.0,100.0,7.05,overcast clouds
touba,CI,8.2833,-7.6833,92.43,9.0,4.0,5.95,clear sky
olinda,BR,-8.0089,-34.8553,85.73,58.0,40.0,6.91,light rain
vysokogornyy,RU,50.1167,139.15,-17.09,100.0,99.0,3.33,overcast clouds
nampula,MZ,-15.1165,39.2666,78.75,78.0,100.0,11.5,light intensity drizzle
masuda,JP,34.6667,131.85,44.33,83.0,100.0,12.75,overcast clouds
ponta do sol,PT,32.6667,-17.1,69.01,76.0,82.0,4.9,broken clouds
avarua,CK,-21.2078,-159.775,80.65,83.0,75.0,19.57,broken clouds
bairiki,KI,1.3292,172.9752,82.4,78.0,20.0,9.22,few clouds
atuona,PF,-9.8,-139.0333,77.94,78.0,18.0,14.32,few clouds
klyuchi,RU,52.2667,79.1667,-8.75,100.0,47.0,2.24,scattered clouds
la ronge,CA,55.1001,-105.2842,-0.15,71.0,100.0,5.75,overcast clouds
andenes,NO,69.3143,16.1194,42.78,87.0,75.0,31.07,light intensity drizzle
kurilsk,RU,45.2333,147.8833,24.15,63.0,71.0,5.68,broken clouds
upernavik,GL,72.7868,-56.1549,-14.73,63.0,43.0,4.9,scattered clouds
yatou,CN,37.15,122.3833,31.32,68.0,23.0,10.2,few clouds
alice springs,AU,-23.7,133.8833,78.35,83.0,19.0,5.75,few clouds
la romana,DO,18.4273,-68.9728,82.13,73.0,75.0,5.75,broken clouds
tevaitoa,PF,-16.7833,-151.5,81.46,68.0,100.0,17.43,overcast clouds
faya,SA,18.3851,42.4509,57.31,59.0,10.0,4.09,clear sky
linjiang,CN,41.8069,126.9078,2.66,96.0,6.0,2.44,clear sky
hermanus,ZA,-34.4187,19.2345,75.02,80.0,4.0,5.39,clear sky
illela,NG,13.7292,5.2975,81.01,8.0,14.0,10.22,few clouds
tahta,EG,26.7693,31.5021,60.91,40.0,0.0,8.55,clear sky
khatanga,RU,71.9667,102.5,-15.32,100.0,94.0,2.57,overcast clouds
dutse,NG,11.7594,9.3392,77.74,14.0,2.0,8.59,clear sky
port alfred,ZA,-33.5906,26.891,76.84,75.0,1.0,31.85,clear sky
evensk,RU,61.95,159.2333,-20.79,80.0,13.0,7.11,few clouds
moree,AU,-29.4667,149.85,66.22,77.0,64.0,10.36,broken clouds
faanui,PF,-16.4833,-151.75,81.19,74.0,100.0,17.16,light rain
fortuna,US,40.5982,-124.1573,52.14,79.0,0.0,6.2,clear sky
sao filipe,CV,14.8961,-24.4956,74.52,74.0,98.0,12.35,overcast clouds
milkovo,RU,54.7167,158.6167,-11.16,96.0,36.0,1.97,scattered clouds
severo-kurilsk,RU,50.6789,156.125,25.23,73.0,91.0,14.18,overcast clouds
terney,RU,45.0503,136.6092,5.99,82.0,3.0,12.37,clear sky
ilulissat,GL,69.2167,-51.1,10.42,40.0,100.0,1.14,overcast clouds
naze,JP,28.3667,129.4833,65.37,89.0,77.0,15.19,broken clouds
ladozhskaya,RU,45.3081,39.935,31.26,99.0,100.0,7.11,heavy snow
katobu,ID,-4.9408,122.5276,76.71,87.0,64.0,2.48,broken clouds
tyumentsevo,RU,53.3224,81.498,-9.31,100.0,76.0,2.59,broken clouds
longyearbyen,SJ,78.2186,15.6401,19.24,63.0,0.0,16.11,clear sky
kruisfontein,ZA,-34.0033,24.7314,81.3,52.0,1.0,6.08,clear sky
vila velha,BR,-20.3297,-40.2925,85.95,62.0,20.0,12.66,few clouds
cajati,BR,-24.7361,-48.1228,96.04,33.0,2.0,4.18,clear sky
palani,IN,10.4667,77.5333,75.02,65.0,91.0,1.36,overcast clouds
bolshaya sosnova,RU,57.6713,54.6029,17.4,91.0,100.0,4.88,snow
lianran,CN,24.9227,102.485,41.54,86.0,5.0,3.2,clear sky
flin flon,CA,54.7682,-101.865,-5.96,71.0,100.0,6.91,overcast clouds
victoria,HK,22.2855,114.1577,69.19,91.0,87.0,4.5,light rain
slyudyanka,RU,51.6594,103.7061,8.44,95.0,100.0,3.18,overcast clouds
emerald,AU,-23.5333,148.1667,75.34,78.0,87.0,10.36,overcast clouds
aksarayskiy,RU,46.7924,48.0119,30.15,79.0,100.0,20.07,overcast clouds
haines junction,CA,60.7522,-137.5108,26.55,68.0,89.0,4.61,overcast clouds
namibe,AO,-15.1961,12.1522,76.05,84.0,99.0,8.93,overcast clouds
matagami,CA,49.7502,-77.6328,-9.29,70.0,100.0,9.22,overcast clouds
cleethorpes,GB,53.5605,-0.0323,41.97,81.0,100.0,9.22,overcast clouds
novoagansk,RU,61.9449,76.6625,-5.04,100.0,98.0,3.56,overcast clouds
margate,GB,51.3813,1.3862,43.3,76.0,99.0,1.99,overcast clouds
richards bay,ZA,-28.783,32.0377,72.59,74.0,20.0,6.08,few clouds
scottsboro,US,34.6723,-86.0341,44.51,45.0,0.0,6.91,clear sky
airai,TL,-8.9266,125.4092,61.29,84.0,100.0,1.9,overcast clouds
diu,IN,20.7141,70.9822,62.1,62.0,5.0,9.95,clear sky
hambantota,LK,6.1241,81.1185,75.79,73.0,97.0,0.83,overcast clouds
nemea,GR,37.8167,22.6667,33.22,45.0,0.0,0.78,clear sky
walvis bay,NA,-22.9575,14.5053,90.55,40.0,84.0,4.61,broken clouds
omaruru,NA,-21.4333,15.9333,87.48,18.0,62.0,5.3,broken clouds
unecha,RU,52.8459,32.6739,10.51,98.0,59.0,7.38,broken clouds
gat,IL,31.61,34.7642,52.39,100.0,82.0,9.66,broken clouds
kemijarvi,FI,66.7131,27.4306,35.83,95.0,100.0,13.33,overcast clouds
cayenne,GF,4.9333,-52.3333,80.64,89.0,100.0,1.01,overcast clouds
leh,IN,34.1667,77.5833,10.44,93.0,100.0,2.57,light snow
constantine,DZ,36.365,6.6147,49.41,53.0,75.0,4.61,broken clouds
touros,BR,-5.1989,-35.4608,88.7,56.0,0.0,10.63,clear sky
zhuhai,CN,22.2769,113.5678,68.92,94.0,40.0,1.14,light rain
krasnoselkup,RU,65.7,82.4667,-9.78,100.0,100.0,6.33,overcast clouds
palencia,ES,42.4167,-4.5,45.1,60.0,0.0,0.63,clear sky
neuquen,AR,-38.9516,-68.0591,84.09,21.0,0.0,5.75,clear sky
wukari,NG,7.85,9.7833,90.3,13.0,54.0,6.33,broken clouds
itarema,BR,-2.9248,-39.9167,87.55,52.0,41.0,16.08,scattered clouds
lebu,CL,-37.6167,-73.65,64.54,70.0,9.0,8.21,clear sky
siljan,NO,59.2884,9.71,33.35,93.0,94.0,4.05,overcast clouds
port elizabeth,ZA,-33.918,25.5701,70.09,78.0,0.0,18.41,clear sky
lagoa,PT,39.05,-27.9833,59.9,58.0,45.0,8.46,scattered clouds
cherskiy,RU,68.75,161.3,-31.94,95.0,100.0,3.89,overcast clouds
cockburn town,TC,21.4612,-71.1419,78.08,74.0,3.0,9.15,clear sky
verkhoyansk,RU,67.5447,133.385,-27.67,100.0,95.0,1.34,overcast clouds
selma,US,36.5708,-119.6121,53.91,42.0,0.0,0.43,clear sky
caucasia,CO,7.9865,-75.1935,86.77,63.0,98.0,4.12,overcast clouds
clyde river,CA,70.4692,-68.5914,-10.97,77.0,100.0,26.46,light snow
sola,VU,-13.8833,167.55,83.97,76.0,87.0,15.99,overcast clouds
poum,NC,-20.2333,164.0167,79.27,74.0,65.0,15.17,broken clouds
makasar,ID,-5.14,119.4221,77.05,100.0,20.0,3.44,few clouds
biak,ID,-0.9131,122.8766,77.32,82.0,95.0,3.76,overcast clouds
sao joao da barra,BR,-21.6403,-41.0511,86.09,75.0,15.0,12.26,few clouds
cleveland,US,41.4995,-81.6954,29.53,86.0,100.0,4.61,mist
saldanha,ZA,-33.0117,17.9442,69.85,93.0,47.0,15.5,scattered clouds
saskylakh,RU,71.9167,114.0833,-5.8,99.0,97.0,5.64,overcast clouds
bathsheba,BB,13.2167,-59.5167,84.81,58.0,20.0,18.41,few clouds
chuy,UY,-33.6971,-53.4616,85.26,65.0,62.0,7.36,heavy intensity rain
shimoda,JP,34.6667,138.95,42.91,94.0,100.0,0.25,moderate rain
svetlogorsk,BY,52.6333,29.7333,12.88,96.0,72.0,6.67,broken clouds
portel,BR,-1.9356,-50.8211,86.4,63.0,72.0,4.0,broken clouds
sargur,IN,11.9833,76.4167,64.98,84.0,4.0,5.5,clear sky
klaksvik,FO,62.2266,-6.589,41.92,95.0,100.0,26.55,overcast clouds
constitucion,CL,-35.3333,-72.4167,70.16,50.0,0.0,18.57,clear sky
hualmay,PE,-11.0964,-77.6139,76.51,73.0,25.0,10.74,scattered clouds
ugoofaaru,MV,5.6667,73.0,82.0,62.0,41.0,13.47,scattered clouds
chokurdakh,RU,70.6333,147.9167,-20.92,100.0,99.0,6.55,overcast clouds
baghdad,IQ,33.3406,44.4009,44.51,49.0,0.0,3.44,clear sky
babaeski,TR,41.4325,27.0931,30.25,52.0,81.0,6.8,broken clouds
torbay,CA,47.6666,-52.7314,29.75,93.0,100.0,20.71,overcast clouds
adrar,MR,20.5022,-10.0711,81.88,12.0,31.0,15.59,scattered clouds
nicoya,CR,10.1483,-85.452,89.15,41.0,11.0,14.92,few clouds
hof,DE,50.3167,11.9167,38.44,90.0,75.0,1.14,broken clouds
cherepovets,RU,59.1333,37.9,10.22,92.0,100.0,0.0,overcast clouds
kavieng,PG,-2.5744,150.7967,82.24,74.0,73.0,3.27,broken clouds
labuhan,ID,-6.8844,112.2051,79.12,86.0,92.0,11.07,heavy intensity rain
port lincoln,AU,-34.7333,135.8667,69.67,92.0,84.0,6.24,broken clouds
alyangula,AU,-13.8483,136.4192,78.67,100.0,100.0,0.0,overcast clouds
coahuayana,MX,18.7333,-103.6833,85.48,37.0,46.0,3.33,scattered clouds
abapo,BO,-18.8333,-63.4667,93.65,31.0,72.0,8.66,broken clouds
marawi,PH,7.9986,124.2928,67.64,98.0,100.0,2.55,overcast clouds
sabha,LY,27.0377,14.4283,54.79,37.0,3.0,8.75,clear sky
komsomolskiy,UZ,40.4272,71.7189,36.32,80.0,75.0,4.61,mist
lata,PT,40.1629,-8.3327,57.61,58.0,0.0,2.46,clear sky
son la,VN,21.3167,103.9,57.52,82.0,16.0,1.48,few clouds
ossora,RU,59.2353,163.0719,-17.55,83.0,2.0,4.16,clear sky
aden,YE,12.7794,45.0367,77.34,72.0,28.0,14.85,scattered clouds
urengoy,RU,65.9667,78.3667,-12.91,100.0,98.0,2.86,overcast clouds
murmashi,RU,68.8154,32.8115,30.61,86.0,75.0,8.95,broken clouds
karachev,RU,53.1229,34.9852,21.09,100.0,59.0,5.01,broken clouds
acajutla,SV,13.5928,-89.8275,89.94,51.0,1.0,5.21,clear sky
hobart,AU,-42.8794,147.3294,62.06,86.0,98.0,6.91,overcast clouds
hamilton,US,39.1834,-84.5333,34.74,75.0,100.0,3.0,light snow
vestmannaeyjar,IS,63.4427,-20.2734,34.79,86.0,75.0,32.21,broken clouds
katherine,AU,-14.4667,132.2667,79.12,89.0,100.0,4.61,overcast clouds
havoysund,NO,70.9963,24.6622,38.28,91.0,100.0,47.85,light rain
zhaotong,CN,27.3167,103.7167,36.46,98.0,85.0,5.46,overcast clouds
comodoro rivadavia,AR,-45.8667,-67.5,75.06,20.0,20.0,28.77,few clouds
turka,UA,49.1541,23.0297,21.25,95.0,100.0,8.48,light snow
lumphat,KH,13.4878,106.9816,75.11,65.0,41.0,2.77,scattered clouds
leningradskiy,RU,69.3833,178.4167,-15.02,95.0,100.0,8.23,overcast clouds
roma,US,43.2128,-75.4557,29.95,70.0,100.0,1.01,overcast clouds
znamenskoye,RU,57.1281,73.8282,-5.71,100.0,98.0,2.68,overcast clouds
praia da vitoria,PT,38.7333,-27.0667,64.65,68.0,20.0,4.76,few clouds
belaya gora,RU,68.5333,146.4167,-28.88,100.0,96.0,3.6,overcast clouds
kamaishi,JP,39.2667,141.8833,37.18,86.0,82.0,9.1,light rain
ostrovnoy,RU,68.0531,39.5131,25.21,91.0,100.0,25.61,overcast clouds
melbu,NO,68.5044,14.8297,48.31,81.0,75.0,20.71,moderate rain
atar,MR,20.5169,-13.0499,87.75,10.0,55.0,16.24,broken clouds
flinders,AU,-34.5833,150.8552,67.21,89.0,70.0,4.0,broken clouds
gaoyou,CN,32.7858,119.4278,39.92,83.0,100.0,12.55,light rain
bambous virieux,MU,-20.3428,57.7575,81.21,83.0,75.0,9.22,broken clouds
pechenga,RU,69.5259,31.1703,34.66,87.0,100.0,32.26,overcast clouds
atlantic beach,US,30.3344,-81.3987,50.22,62.0,20.0,1.01,few clouds
tiznit,MA,29.5833,-9.5,68.25,30.0,25.0,5.44,scattered clouds
kariba,ZW,-16.5167,28.8,73.22,69.0,35.0,3.98,scattered clouds
sao felix do xingu,BR,-6.6447,-51.995,89.73,54.0,43.0,1.79,scattered clouds
honiara,SB,-9.4333,159.95,79.68,87.0,78.0,4.27,light rain
oranjemund,NA,-28.55,16.4333,83.5,49.0,18.0,18.61,few clouds
dingle,PH,10.9995,122.6711,74.5,92.0,83.0,6.73,broken clouds
llangefni,GB,53.2556,-4.3106,45.73,81.0,100.0,13.8,overcast clouds
kununurra,AU,-15.7667,128.7333,76.98,100.0,100.0,0.0,overcast clouds
tautira,PF,-17.7333,-149.15,80.62,79.0,91.0,17.2,overcast clouds
formosa,AR,-26.1775,-58.1781,107.58,23.0,40.0,14.97,scattered clouds
ariquemes,BR,-9.9133,-63.0408,79.74,81.0,93.0,2.82,overcast clouds
chernyshevskiy,RU,63.0128,112.4714,-5.03,99.0,96.0,2.98,overcast clouds
asau,RO,46.4333,26.4,22.95,84.0,99.0,9.31,overcast clouds
busayra,JO,30.7376,35.6078,42.67,59.0,28.0,12.66,scattered clouds
huntington,US,38.4193,-82.4452,35.38,62.0,100.0,7.0,overcast clouds
qurayyat,SA,31.3318,37.3428,50.18,46.0,0.0,4.61,clear sky
moose factory,CA,51.2585,-80.6094,-11.2,64.0,0.0,11.5,clear sky
privodino,RU,61.0781,46.5044,5.58,98.0,86.0,4.74,snow
cabo san lucas,MX,22.8909,-109.9124,74.61,61.0,75.0,3.44,broken clouds
djenne,ML,13.9061,-4.5533,87.08,6.0,0.0,13.27,clear sky
sierpc,PL,52.8568,19.6691,28.42,94.0,82.0,2.04,broken clouds
kaitangata,NZ,-46.2817,169.8464,52.93,74.0,81.0,2.37,broken clouds
gimli,CA,50.6336,-96.9907,-2.56,77.0,100.0,9.22,overcast clouds
khartoum,SD,15.5518,32.5324,78.03,24.0,54.0,11.52,broken clouds
alofi,NU,-19.0595,-169.9187,73.29,100.0,29.0,2.3,scattered clouds
abu samrah,SY,35.3029,37.1841,41.88,67.0,80.0,14.65,broken clouds
kavaratti,IN,10.5669,72.642,80.6,62.0,43.0,14.23,scattered clouds
ancud,CL,-41.8697,-73.8203,66.42,74.0,93.0,11.3,overcast clouds
eydhafushi,MV,5.1033,73.0708,82.08,64.0,64.0,15.12,broken clouds
sitka,US,57.0531,-135.33,40.89,87.0,100.0,6.91,light rain
kyra,RU,49.5776,111.9753,4.77,98.0,100.0,1.7,overcast clouds
grand gaube,MU,-20.0064,57.6608,81.37,82.0,70.0,5.01,broken clouds
nizhniy kuranakh,RU,58.8353,125.4869,-5.78,99.0,100.0,3.33,overcast clouds
erice,IT,38.037,12.5865,43.27,71.0,0.0,6.91,clear sky
vila,PT,42.0304,-8.1588,45.34,55.0,0.0,1.92,clear sky
iracoubo,GF,5.4802,-53.2011,79.21,80.0,24.0,8.23,few clouds
myre,NO,69.1036,15.9492,44.51,86.0,100.0,47.53,light rain
vaitape,PF,-16.5167,-151.75,81.21,73.0,100.0,17.22,light rain
campoverde,PE,-8.4753,-74.8058,82.09,55.0,92.0,2.91,overcast clouds
aksu,CN,41.1231,80.2644,27.18,53.0,100.0,3.33,overcast clouds
beringovskiy,RU,63.05,179.3167,-21.19,97.0,44.0,5.19,scattered clouds
smithers,CA,54.7804,-127.1743,28.72,100.0,75.0,3.44,broken clouds
lompoc,US,34.6391,-120.4579,68.13,58.0,0.0,8.05,clear sky
adre,TD,13.4667,22.2,74.71,18.0,4.0,0.96,clear sky
cheremisinovo,RU,51.8855,37.2646,24.91,98.0,97.0,8.57,overcast clouds
dire,ML,12.2833,-10.9667,94.21,8.0,9.0,6.31,clear sky
iquitos,PE,-3.7481,-73.2472,87.84,70.0,75.0,5.75,broken clouds
santa maria,BR,-29.6842,-53.8069,99.7,39.0,40.0,4.61,scattered clouds
narsaq,GL,60.9167,-46.05,19.62,76.0,95.0,9.69,overcast clouds
yulara,AU,-25.2406,130.9889,78.64,47.0,0.0,9.22,clear sky
acapulco,MX,16.8634,-99.8901,87.62,42.0,0.0,4.61,clear sky
kodiak,US,57.79,-152.4072,38.71,87.0,100.0,9.22,overcast clouds
husavik,IS,66.0449,-17.3389,31.91,69.0,13.0,25.84,few clouds
mubende,UG,0.5606,31.39,70.65,54.0,96.0,2.44,overcast clouds
manokwari,ID,-0.8667,134.0833,79.25,80.0,100.0,5.5,overcast clouds
coromandel,BR,-18.4733,-47.2003,79.32,64.0,71.0,4.92,broken clouds
bestobe,KZ,52.4994,73.0975,-12.26,100.0,65.0,3.13,broken clouds
samarai,PG,-10.6167,150.6667,80.49,80.0,100.0,5.82,overcast clouds
lodja,CD,-3.4833,23.4333,79.75,63.0,99.0,0.6,overcast clouds
salym,RU,60.0625,71.4789,-5.4,100.0,80.0,3.49,broken clouds
pervomayskoye,RU,43.919,46.7102,40.78,87.0,92.0,4.88,overcast clouds
talnakh,RU,69.4865,88.3972,0.36,98.0,100.0,5.39,overcast clouds
bognor regis,GB,50.7821,-0.6798,44.02,87.0,99.0,6.78,overcast clouds
the valley,AI,18.217,-63.0578,85.86,69.0,20.0,10.36,few clouds
hammerfest,NO,70.6634,23.6821,37.85,81.0,40.0,14.97,scattered clouds
zhangye,CN,38.9342,100.4517,21.31,52.0,2.0,2.75,clear sky
robertsport,LR,6.7533,-11.3686,82.54,69.0,5.0,12.84,clear sky
jumla,NP,29.2747,82.1838,35.26,97.0,100.0,5.21,snow
szczecinek,PL,53.7079,16.6994,34.79,99.0,100.0,3.65,overcast clouds
hosakote,IN,14.2769,77.1699,71.53,45.0,5.0,8.99,clear sky
djougou,BJ,9.7085,1.666,89.71,12.0,6.0,6.06,clear sky
verkhnevilyuysk,RU,63.4453,120.3167,-11.65,98.0,28.0,4.34,scattered clouds
aksarka,RU,66.5606,67.7975,1.27,96.0,55.0,9.93,broken clouds
gamba,GA,-2.65,10.0,78.42,81.0,60.0,9.13,light rain
bethel,US,41.3712,-73.414,35.01,53.0,0.0,8.05,clear sky
gorin,RU,51.1983,136.6669,-21.01,100.0,61.0,3.29,broken clouds
salisbury,GB,51.0693,-1.7957,43.48,83.0,100.0,4.61,overcast clouds
sao lourenco do sul,BR,-31.3653,-51.9783,91.45,54.0,32.0,8.59,heavy intensity rain
kaputa,ZM,-8.4689,29.6619,70.75,84.0,87.0,1.92,light rain
kiruna,SE,67.8557,20.2251,38.32,70.0,0.0,8.05,clear sky
ojinaga,MX,29.5667,-104.4167,49.57,53.0,0.0,13.8,clear sky
kahului,US,20.8947,-156.47,74.84,83.0,20.0,10.36,few clouds
iqaluit,CA,63.7506,-68.5145,-7.87,59.0,100.0,8.05,overcast clouds
konstantinovka,RU,49.6167,127.9833,-14.01,98.0,37.0,3.42,scattered clouds
wattegama,LK,6.7989,81.4808,68.34,80.0,96.0,1.36,overcast clouds
mwinilunga,ZM,-11.7358,24.4293,63.97,93.0,47.0,3.78,light rain
oistins,BB,13.0667,-59.5333,84.29,58.0,20.0,18.41,few clouds
mmabatho,ZA,-25.85,25.6333,71.56,46.0,0.0,5.75,clear sky
grindavik,IS,63.8424,-22.4338,32.47,69.0,75.0,35.68,light snow
codrington,AU,-38.2667,141.9667,70.93,51.0,93.0,9.46,overcast clouds
oak harbor,US,48.2932,-122.6432,41.79,98.0,75.0,0.0,mist
geraldton,AU,-28.7667,114.6,73.81,88.0,75.0,19.57,broken clouds
zhigansk,RU,66.7697,123.3711,-8.63,99.0,100.0,13.8,light snow
almaznyy,RU,48.0448,40.045,24.94,96.0,100.0,14.0,light snow
amapa,BR,1.0,-52.0,80.55,84.0,83.0,3.91,broken clouds
birao,CF,10.2849,22.7882,80.46,16.0,45.0,5.73,scattered clouds
okhotsk,RU,59.3833,143.3,-12.41,77.0,0.0,14.72,clear sky
lavrentiya,RU,65.5833,-171.0,-3.77,100.0,100.0,4.83,overcast clouds
camacha,PT,33.0833,-16.3333,65.53,68.0,20.0,9.22,few clouds
tieling,CN,42.2931,123.8414,11.75,52.0,9.0,5.97,clear sky
sayyan,YE,15.1718,44.3244,57.38,51.0,41.0,1.1,scattered clouds
forbes,AU,-33.3833,148.0167,69.93,63.0,100.0,7.23,overcast clouds
fukue,JP,32.6881,128.8419,54.36,72.0,100.0,32.26,moderate rain
wanning,CN,18.8003,110.3967,71.15,92.0,75.0,1.54,broken clouds
quatre cocos,MU,-20.2078,57.7625,81.09,79.0,81.0,12.5,broken clouds
provideniya,RU,64.3833,-173.3,3.42,98.0,100.0,7.72,light snow
kharp,RU,66.8014,65.8081,2.75,96.0,43.0,5.61,scattered clouds
ercis,TR,39.0287,43.3586,19.0,70.0,23.0,5.5,few clouds
mata,PT,40.683,-7.4592,49.6,65.0,0.0,4.25,clear sky
buala,SB,-8.145,159.5921,80.71,83.0,58.0,6.31,broken clouds
hue,VN,16.4667,107.6,71.71,100.0,40.0,1.14,mist
mattru,SL,7.6244,-11.8332,93.09,29.0,2.0,5.06,clear sky
enshi,CN,30.3,109.4833,43.83,97.0,100.0,0.58,overcast clouds
wageningen,NL,51.9667,5.6667,44.85,89.0,100.0,1.14,overcast clouds
san andres,CO,12.5847,-81.7006,86.02,66.0,20.0,13.8,few clouds
myatlevo,RU,54.8969,35.6762,5.38,100.0,76.0,3.8,broken clouds
wagar,SD,16.1525,36.2032,78.84,36.0,58.0,17.63,broken clouds
cascais,PT,38.6979,-9.4215,59.47,53.0,0.0,7.0,clear sky
elko,US,41.0002,-115.5012,24.06,85.0,19.0,1.16,few clouds
pangnirtung,CA,66.1451,-65.7125,-2.2,60.0,75.0,3.44,broken clouds
montepuez,MZ,-13.1256,38.9997,70.95,88.0,100.0,4.56,light rain
lorengau,PG,-2.0226,147.2712,81.63,79.0,100.0,8.41,overcast clouds
la rioja,ES,42.25,-2.5,41.31,77.0,0.0,2.53,clear sky
dunedin,NZ,-45.8742,170.5036,52.81,83.0,100.0,2.64,overcast clouds
micheweni,TZ,-4.9667,39.8333,81.18,77.0,86.0,15.14,overcast clouds
san ramon,US,37.7799,-121.978,55.38,79.0,0.0,0.0,clear sky
lulea,SE,65.5842,22.1547,41.07,75.0,0.0,8.05,clear sky
shakhunya,RU,57.6758,46.6114,12.4,97.0,94.0,4.16,overcast clouds
riberalta,BO,-10.9833,-66.1,83.61,80.0,79.0,1.97,broken clouds
kismayo,SO,-0.3582,42.5454,78.89,81.0,69.0,19.08,broken clouds
ust-tsilma,RU,65.441,52.1498,10.22,93.0,40.0,8.63,scattered clouds
byron bay,AU,-28.65,153.6167,66.15,93.0,73.0,10.85,broken clouds
cap malheureux,MU,-19.9842,57.6142,81.46,82.0,71.0,5.01,broken clouds
kutum,SD,14.2,24.6667,69.17,13.0,5.0,8.5,clear sky
san jeronimo,PE,-11.9472,-75.2829,58.33,60.0,83.0,4.14,broken clouds
yinchuan,CN,38.4681,106.2731,29.28,60.0,62.0,2.21,broken clouds
sosnovka,RU,56.255,51.2842,19.08,96.0,100.0,4.45,snow
jinka,ET,5.65,36.65,71.78,44.0,79.0,1.28,broken clouds
kyaukse,MM,21.6,96.1333,65.86,52.0,0.0,4.18,clear sky
jackson,US,42.4165,-122.8345,58.24,80.0,0.0,0.0,clear sky
jieshi,CN,22.8134,115.8257,66.94,85.0,91.0,3.4,overcast clouds
solwezi,ZM,-12.1688,26.3894,63.19,94.0,27.0,3.56,light rain
dalvik,IS,65.9702,-18.5286,31.93,83.0,77.0,28.59,light snow
mahebourg,MU,-20.4081,57.7,81.25,83.0,75.0,9.22,broken clouds
caravelas,BR,-17.7125,-39.2481,84.2,54.0,78.0,7.87,broken clouds
catamarca,AR,-28.4696,-65.7852,80.78,68.0,99.0,1.99,overcast clouds
zhanaozen,KZ,43.3,52.8,33.48,59.0,100.0,25.03,overcast clouds
ozinki,RU,51.1786,49.6769,15.49,84.0,100.0,11.03,overcast clouds
callaway,US,30.153,-85.5699,48.97,52.0,0.0,4.0,clear sky
sterlibashevo,RU,53.4376,55.2578,5.16,96.0,100.0,2.64,overcast clouds
vardo,NO,70.3705,31.1107,35.8,86.0,40.0,19.57,scattered clouds
koslan,RU,63.4564,48.8989,8.51,96.0,88.0,5.66,overcast clouds
illapel,CL,-31.6308,-71.1653,81.3,34.0,0.0,8.86,clear sky
broken hill,AU,-31.95,141.4333,76.71,50.0,100.0,5.75,overcast clouds
uvat,RU,59.1433,68.8953,-0.81,100.0,81.0,4.27,broken clouds
aykhal,RU,66.0,111.5,-7.4,100.0,94.0,7.61,overcast clouds
bayir,TR,37.2687,28.2167,30.72,60.0,52.0,6.69,broken clouds
vuktyl,RU,63.8567,57.3094,8.46,94.0,76.0,8.55,broken clouds
ferrol,ES,43.4832,-8.2369,53.51,71.0,0.0,2.68,clear sky
souillac,MU,-20.5167,57.5167,81.36,83.0,75.0,9.22,light rain
ambilobe,MG,-13.2,49.05,74.01,96.0,100.0,7.16,moderate rain
yoichi,JP,43.2039,140.7703,26.02,87.0,100.0,3.62,light snow
pathein,MM,16.7833,94.7333,68.09,74.0,6.0,5.08,clear sky
luau,AO,-10.7073,22.2247,67.1,92.0,46.0,1.63,light rain
ambon,ID,-3.6954,128.1814,77.14,94.0,40.0,5.75,scattered clouds
tortoli,IT,39.9256,9.6572,49.82,66.0,0.0,3.44,clear sky
te anau,NZ,-45.4167,167.7167,41.67,96.0,28.0,2.13,scattered clouds
korla,CN,41.7597,86.1469,26.31,49.0,67.0,3.04,broken clouds
aklavik,CA,68.2191,-135.0107,2.12,78.0,75.0,8.05,broken clouds
dong hoi,VN,17.4833,106.6,72.68,90.0,92.0,3.83,overcast clouds
muros,ES,42.7762,-9.0603,53.1,68.0,0.0,3.44,clear sky
kiunga,PG,-6.1219,141.2906,73.42,99.0,100.0,2.37,overcast clouds
whakatane,NZ,-37.9585,176.9854,66.78,97.0,100.0,2.75,overcast clouds
katastarion,GR,37.8333,20.7667,43.11,70.0,20.0,0.0,few clouds
lesozavodsk,RU,45.4794,133.4244,-4.61,99.0,97.0,4.56,overcast clouds
agadir,MA,30.4202,-9.5982,73.85,48.0,45.0,8.41,scattered clouds
saint pete beach,US,27.7253,-82.7412,52.29,75.0,100.0,1.01,overcast clouds
pilar,BR,-9.5972,-35.9567,84.13,44.0,83.0,13.78,broken clouds
tongchuan,CN,35.0806,109.0897,30.72,94.0,99.0,2.01,overcast clouds
fairbanks,US,64.8378,-147.7164,11.3,83.0,100.0,0.0,overcast clouds
namatanai,PG,-3.6667,152.4333,79.79,80.0,51.0,1.77,broken clouds
tsabong,BW,-26.0217,22.401,79.56,29.0,99.0,12.95,overcast clouds
saint austell,GB,50.3383,-4.7658,45.16,65.0,75.0,6.91,broken clouds
bayji,IQ,34.9311,43.487,46.74,42.0,0.0,7.72,clear sky
los llanos de aridane,ES,28.6585,-17.9182,65.95,93.0,75.0,4.0,broken clouds
meulaboh,ID,4.1363,96.1285,76.69,87.0,82.0,2.71,broken clouds
krasnyy chikoy,RU,50.3643,108.7512,7.59,98.0,100.0,1.86,overcast clouds
la asuncion,VE,11.0333,-63.8628,79.54,68.0,10.0,15.88,clear sky
egvekinot,RU,66.3167,-179.1667,-16.6,94.0,100.0,6.26,overcast clouds
minab,IR,27.1467,57.0801,54.9,58.0,0.0,0.0,haze
kuching,MY,1.55,110.3333,79.02,89.0,40.0,0.0,scattered clouds
pampa,US,35.5362,-100.9599,48.24,43.0,0.0,8.05,clear sky
rio gallegos,AR,-51.6226,-69.2181,53.65,71.0,40.0,25.32,scattered clouds
karratha,AU,-20.7377,116.8463,83.93,71.0,100.0,13.78,light rain
labytnangi,RU,66.6572,66.4183,-4.85,98.0,38.0,5.53,scattered clouds
ekibastuz,KZ,51.6667,75.3667,-3.26,99.0,29.0,3.04,scattered clouds
lasa,IT,46.6166,10.7002,43.68,66.0,1.0,6.11,clear sky
erzin,TR,36.9559,36.2,43.32,60.0,96.0,23.78,overcast clouds
peleduy,RU,59.6289,112.7406,-13.31,100.0,91.0,2.06,overcast clouds
izumo,JP,35.3667,132.7667,44.55,87.0,100.0,16.73,overcast clouds
uporovo,RU,56.3109,66.2693,-3.37,100.0,71.0,4.18,broken clouds
half moon bay,US,37.4636,-122.4286,57.51,70.0,0.0,1.01,clear sky
port hardy,CA,50.6996,-127.4199,35.78,93.0,100.0,5.75,fog
nantucket,US,41.2835,-70.0995,37.96,67.0,84.0,21.14,broken clouds
halifax,CA,44.6453,-63.5724,35.1,63.0,79.0,7.0,broken clouds
kaduqli,SD,11.0167,29.7167,79.36,17.0,100.0,8.3,overcast clouds
ereymentau,KZ,51.6199,73.1033,-5.28,99.0,53.0,5.53,broken clouds
kologriv,RU,58.8275,44.3178,-3.15,100.0,84.0,3.04,broken clouds
sorland,NO,67.667,12.6934,46.26,90.0,100.0,45.92,moderate rain
xichang,CN,27.8964,102.2634,43.84,80.0,80.0,2.59,broken clouds
wencheng,CN,33.0559,113.7978,32.59,99.0,100.0,7.99,light snow
ahipara,NZ,-35.1667,173.1667,65.12,93.0,100.0,6.13,light rain
altus,US,34.6381,-99.334,51.31,40.0,0.0,5.75,clear sky
vanimo,PG,-2.6741,141.3028,78.55,87.0,100.0,6.04,overcast clouds
khotyn,UA,48.4833,26.5,21.2,87.0,96.0,10.47,overcast clouds
marand,IR,38.4329,45.7749,14.34,66.0,0.0,5.12,clear sky
potam,MX,27.6,-110.3833,66.79,58.0,57.0,2.13,broken clouds
hervey bay,AU,-25.2986,152.8535,69.03,88.0,24.0,4.0,few clouds
shellbrook,CA,53.2168,-106.4011,13.23,96.0,97.0,4.81,overcast clouds
yumen,CN,40.2833,97.2,20.59,49.0,6.0,3.94,clear sky
tabligbo,TG,6.5833,1.5,85.82,35.0,41.0,10.76,scattered clouds
sinnamary,GF,5.3833,-52.95,78.67,83.0,30.0,7.99,light rain
namie,JP,37.4833,141.0,40.98,65.0,100.0,7.05,overcast clouds
sorong,ID,-0.8833,131.25,79.75,83.0,100.0,4.61,overcast clouds
inta,RU,66.0317,60.1659,7.3,91.0,21.0,10.02,few clouds
batagay,RU,67.6333,134.6333,-28.71,100.0,91.0,3.02,overcast clouds
saint-georges,GD,12.0564,-61.7485,83.88,61.0,20.0,17.27,few clouds
maracacume,BR,-2.0428,-45.9592,80.24,83.0,70.0,5.32,broken clouds
plettenberg bay,ZA,-34.0527,23.3716,79.5,49.0,25.0,3.87,scattered clouds
wau,SS,7.7029,27.9953,83.41,21.0,64.0,5.28,broken clouds
talara,PE,-4.5772,-81.2719,83.16,57.0,0.0,15.66,clear sky
kot addu,PK,30.4692,70.9671,53.46,62.0,0.0,5.28,clear sky
ouagadougou,BF,12.3642,-1.5383,87.93,11.0,0.0,11.5,clear sky
ribeira grande,PT,38.5167,-28.7,64.8,48.0,20.0,9.22,few clouds
yuci,CN,37.6803,112.7319,28.15,80.0,100.0,6.71,mist
laguna,US,38.421,-121.4238,55.98,86.0,0.0,1.01,mist
dhidhdhoo,MV,6.8833,73.1,81.86,62.0,50.0,12.17,scattered clouds
asind,IN,25.7333,74.3333,55.09,51.0,0.0,6.96,clear sky
hot springs,US,34.5037,-93.0552,54.0,33.0,0.0,5.99,clear sky
pierre,US,44.3683,-100.351,22.12,68.0,100.0,13.8,overcast clouds
selkirk,CA,50.1436,-96.8845,-2.58,89.0,100.0,7.0,overcast clouds
candolim,IN,15.5181,73.7626,75.2,69.0,40.0,6.91,scattered clouds
bedele,ET,8.456,36.353,63.75,43.0,49.0,4.47,scattered clouds
balgazyn,RU,51.0,95.2,-13.04,99.0,71.0,2.08,broken clouds
muskogee,US,35.5834,-95.3336,52.34,43.0,0.0,8.05,clear sky
hofn,IS,64.2539,-15.2082,33.4,60.0,7.0,22.06,clear sky
saint john,CA,45.2727,-66.0677,28.4,80.0,100.0,0.0,overcast clouds
puerto ayacucho,VE,5.6639,-67.6236,91.18,41.0,91.0,2.3,overcast clouds
sturgeon falls,CA,46.3646,-79.9326,-0.11,73.0,9.0,4.56,clear sky
sao gabriel da cachoeira,BR,-0.1303,-67.0892,85.8,70.0,20.0,4.61,few clouds
brentwood,US,40.7812,-73.2462,36.9,45.0,40.0,4.0,scattered clouds
strezhevoy,RU,60.7333,77.5889,3.18,100.0,100.0,2.8,overcast clouds
palu,ID,-0.8917,119.8707,76.41,95.0,99.0,1.32,overcast clouds
lauria,IT,40.0465,15.8358,39.33,64.0,40.0,3.98,scattered clouds
sitio novo do tocantins,BR,-5.5183,-47.4611,87.73,66.0,75.0,5.75,broken clouds
ardahan,TR,41.1087,42.7022,6.94,96.0,95.0,4.79,overcast clouds
san julian,MX,21.0167,-102.1667,60.89,44.0,65.0,6.58,broken clouds
ust-omchug,RU,61.15,149.6333,-37.75,100.0,69.0,2.53,broken clouds
morant bay,JM,17.8815,-76.4093,83.82,66.0,7.0,9.17,clear sky
golden,US,39.7555,-105.2211,46.78,43.0,0.0,1.99,clear sky
palmer,US,42.1584,-72.3287,33.31,47.0,100.0,1.99,overcast clouds
calama,CL,-22.4667,-68.9333,70.29,30.0,20.0,21.85,few clouds
buin,CL,-33.7333,-70.75,86.05,16.0,0.0,8.37,clear sky
qingdao,CN,36.0986,120.3719,29.8,74.0,75.0,6.71,broken clouds
kupang,ID,-10.1667,123.5833,77.58,94.0,40.0,3.44,scattered clouds
bandarbeyla,SO,9.4942,50.8122,76.23,67.0,22.0,18.57,few clouds
prince rupert,CA,54.3161,-130.3201,44.29,87.0,100.0,3.44,overcast clouds
ampanihy,MG,-24.7,44.75,74.89,81.0,57.0,18.61,broken clouds
aksay,RU,47.26,39.87,29.25,91.0,100.0,8.01,overcast clouds
makakilo city,US,21.3469,-158.0858,72.28,78.0,0.0,4.61,clear sky
aktash,RU,50.3,87.7333,-18.17,77.0,42.0,4.18,scattered clouds
tabuk,PH,17.4189,121.4443,70.48,94.0,19.0,1.34,few clouds
blagoyevo,RU,63.3667,47.9167,7.25,97.0,87.0,5.86,overcast clouds
hope,US,33.6671,-93.5916,51.98,41.0,0.0,9.64,clear sky
vila franca do campo,PT,37.7167,-25.4333,63.01,70.0,99.0,8.28,overcast clouds
guozhen,CN,34.3659,107.359,32.81,95.0,98.0,0.56,overcast clouds
harindanga,IN,22.0383,88.3214,64.38,82.0,100.0,8.55,overcast clouds
blairmore,CA,49.6,-114.4353,39.07,48.0,100.0,9.22,overcast clouds
birecik,TR,37.0294,37.9903,36.61,97.0,96.0,5.26,overcast clouds
bulgan,MN,48.8125,103.5347,4.05,97.0,99.0,2.21,overcast clouds
glossop,GB,53.4432,-1.949,40.5,86.0,91.0,4.0,overcast clouds
chongwe,ZM,-15.3292,28.682,72.18,93.0,22.0,4.23,few clouds
bapatla,IN,15.9,80.4667,74.97,83.0,24.0,7.14,few clouds
tommot,RU,58.9564,126.2925,-0.4,97.0,100.0,4.65,overcast clouds
bud,US,39.447,-86.1758,37.35,80.0,99.0,18.77,overcast clouds
beidao,CN,34.5686,105.8933,32.22,88.0,97.0,2.51,overcast clouds
mareeba,AU,-17.0,145.4333,72.32,94.0,100.0,2.15,overcast clouds
karbinci,MK,41.8167,22.2375,29.53,67.0,84.0,7.4,broken clouds
dzhebariki-khaya,RU,62.2167,135.8,-35.23,100.0,88.0,0.49,overcast clouds
nioro,GM,13.35,-15.75,98.29,6.0,3.0,9.8,clear sky
necochea,AR,-38.5473,-58.7368,77.04,51.0,85.0,10.83,overcast clouds
gafanha da encarnacao,PT,40.6181,-8.733,58.77,66.0,0.0,7.36,clear sky
kosa,RU,59.9445,54.9977,18.91,96.0,100.0,6.67,light snow
pontalina,BR,-17.525,-49.4472,88.39,44.0,14.0,5.75,few clouds
soavinandriana,MG,-19.1667,46.7333,64.04,78.0,100.0,19.44,overcast clouds
srisailam,IN,16.0833,78.8667,70.95,40.0,34.0,2.3,scattered clouds
aldan,RU,58.6031,125.3894,-6.29,99.0,99.0,4.76,overcast clouds
xinqing,CN,48.2333,129.5,-13.85,100.0,67.0,2.75,broken clouds
san cristobal,VE,7.7669,-72.225,80.78,49.0,71.0,5.32,broken clouds
yeppoon,AU,-23.1333,150.7333,73.18,70.0,86.0,10.4,overcast clouds
antofagasta,CL,-23.65,-70.4,71.22,57.0,71.0,10.33,broken clouds
nome,US,64.5011,-165.4064,8.67,78.0,40.0,8.05,scattered clouds
portobelo,PA,9.55,-79.65,89.85,79.0,45.0,14.88,scattered clouds
el alto,PE,-4.2714,-81.2147,80.26,67.0,20.0,12.12,few clouds
hillsborough,US,37.5741,-122.3794,56.5,70.0,20.0,1.01,few clouds
marang,MY,5.2056,103.2059,75.11,81.0,4.0,0.74,clear sky
catuday,PH,16.2923,119.8062,77.56,81.0,30.0,12.35,scattered clouds
salalah,OM,17.0151,54.0924,73.49,15.0,0.0,9.22,clear sky
khairpur,PK,27.5295,68.7617,51.8,30.0,0.0,2.73,clear sky
jacareacanga,BR,-6.2222,-57.7528,92.35,48.0,97.0,2.95,moderate rain
portland,US,45.5234,-122.6762,44.35,90.0,100.0,1.01,fog
traiguen,CL,-38.25,-72.6833,75.54,36.0,20.0,8.59,few clouds
riachao das neves,BR,-11.7461,-44.91,87.55,48.0,59.0,4.0,broken clouds
sujangarh,IN,27.7011,74.4649,56.28,58.0,2.0,6.15,clear sky
frutal,BR,-20.0247,-48.9406,90.75,44.0,32.0,5.39,scattered clouds
ochakiv,UA,46.6128,31.5498,26.78,75.0,96.0,16.49,overcast clouds
benjamin constant,BR,-4.3831,-70.0311,78.93,100.0,40.0,6.91,scattered clouds
wajir,KE,1.7471,40.0573,89.92,24.0,73.0,10.09,broken clouds
hobyo,SO,5.3505,48.5268,77.38,72.0,74.0,20.62,broken clouds
san matias,BO,-16.3667,-58.4,99.43,33.0,20.0,3.83,few clouds
jiaocheng,CN,24.6774,116.1389,59.65,98.0,79.0,3.74,broken clouds
suoyarvi,RU,62.0833,32.35,25.18,94.0,100.0,10.74,light snow
walla walla,US,46.0646,-118.343,31.06,86.0,100.0,4.61,fog
ponta delgada,PT,37.7333,-25.6667,63.32,59.0,20.0,10.36,few clouds
lingao,CN,19.9103,109.6859,70.14,94.0,20.0,7.99,few clouds
nishihara,JP,26.1842,127.7558,70.88,97.0,40.0,10.36,scattered clouds
maniitsoq,GL,65.4167,-52.9,21.6,70.0,100.0,11.99,overcast clouds
kincardine,GB,56.0667,-3.7167,44.87,84.0,98.0,11.86,overcast clouds
cusset,FR,46.13,3.4596,36.63,91.0,0.0,2.95,clear sky
mackay,AU,-21.15,149.2,73.69,94.0,40.0,4.61,scattered clouds
huanren,CN,41.2647,125.3667,5.4,92.0,5.0,2.71,clear sky
vestmanna,FO,62.1564,-7.1664,40.12,87.0,100.0,20.71,overcast clouds
besenyotelek,HU,47.7,20.4333,33.58,63.0,83.0,9.04,broken clouds
yate,GB,51.5407,-2.4184,41.14,86.0,56.0,2.77,broken clouds
shaki,AZ,41.0833,47.1667,39.99,43.0,0.0,2.82,clear sky
sioux lookout,CA,50.1001,-91.917,-12.62,77.0,40.0,2.3,scattered clouds
atasu,KZ,48.6814,71.6433,10.94,87.0,100.0,4.32,overcast clouds
inhambane,MZ,-23.865,35.3833,77.0,87.0,77.0,19.19,light rain
mehamn,NO,71.0357,27.8492,35.78,81.0,100.0,28.34,overcast clouds
salta,AR,-24.7859,-65.4117,88.09,56.0,73.0,1.88,broken clouds
manzanillo,CU,20.3433,-77.1167,85.41,47.0,0.0,6.2,clear sky
dauriya,RU,49.9333,116.8667,-4.4,98.0,100.0,2.8,overcast clouds
kawalu,ID,-7.3817,108.2082,73.76,97.0,100.0,1.32,overcast clouds
tatarsk,RU,55.219,75.9828,-12.15,100.0,45.0,4.68,scattered clouds
berlevag,NO,70.8578,29.0864,31.8,82.0,100.0,33.06,overcast clouds
afua,BR,-0.1567,-50.3867,83.98,74.0,45.0,6.87,scattered clouds
stevens point,US,44.5236,-89.5746,9.39,64.0,0.0,4.61,clear sky
pahrump,US,36.2083,-115.9839,52.11,31.0,0.0,1.99,clear sky
port hedland,AU,-20.3167,118.5667,84.25,84.0,90.0,9.22,overcast clouds
maralal,KE,1.0968,36.698,61.88,58.0,27.0,8.84,scattered clouds
beroroha,MG,-21.6667,45.1667,82.76,56.0,44.0,14.54,scattered clouds
alanya,TR,36.5438,31.9998,44.73,52.0,46.0,4.0,scattered clouds
north bend,US,43.4065,-124.2243,49.12,83.0,0.0,9.22,clear sky
abu dhabi,AE,24.4667,54.3667,66.31,61.0,40.0,9.22,scattered clouds
svetlaya,RU,46.5389,138.3297,6.53,77.0,4.0,8.23,clear sky
waddan,LY,29.1614,16.139,53.82,44.0,2.0,7.67,clear sky
kyaikto,MM,17.3,97.0167,69.58,63.0,6.0,1.41,clear sky
skaudvile,LT,55.4167,22.6167,22.86,96.0,82.0,3.83,broken clouds
ginir,ET,7.1333,40.7,62.33,36.0,83.0,4.21,broken clouds
maloy,NO,61.9353,5.1136,48.06,83.0,100.0,15.01,overcast clouds
looc,PH,12.2605,121.9926,76.64,88.0,83.0,7.63,broken clouds
lucea,JM,18.451,-78.1736,82.26,65.0,1.0,3.74,clear sky
lamu,KE,-2.2717,40.902,80.82,79.0,11.0,17.54,few clouds
xunchang,CN,28.4543,104.715,49.1,91.0,100.0,2.48,overcast clouds
coronado,US,32.6859,-117.1831,68.45,42.0,0.0,3.44,clear sky
saint-francois,FR,46.4154,3.9054,36.68,84.0,100.0,5.75,overcast clouds
yar-sale,RU,66.8333,70.8333,-0.99,94.0,57.0,8.95,broken clouds
south yarmouth,US,41.6668,-70.1847,37.0,62.0,0.0,5.01,clear sky
mikhaylovskoye,RU,51.8239,79.7172,-8.43,100.0,18.0,1.95,few clouds
ust-ishim,RU,57.6935,71.1665,-2.96,99.0,84.0,3.36,broken clouds
loreto,MX,22.2667,-101.9667,62.94,45.0,78.0,7.49,broken clouds
bata,GQ,1.8639,9.7658,84.06,79.0,40.0,8.05,scattered clouds
trojes,AL,41.756,19.962,28.89,63.0,0.0,6.06,clear sky
dimitrovgrad,RU,54.2139,49.6184,15.85,92.0,100.0,4.81,snow
hastings,GB,50.8552,0.5729,43.81,75.0,100.0,7.0,overcast clouds
kedainiai,LT,55.2883,23.9747,19.87,94.0,72.0,4.99,broken clouds
lieksa,FI,63.3167,30.0167,25.81,96.0,100.0,12.35,overcast clouds
puebloviejo,CO,10.9938,-74.2844,95.49,70.0,20.0,8.05,few clouds
laa,SL,8.0797,-10.7732,96.06,13.0,4.0,2.08,clear sky
mantua,IT,45.1667,10.7833,45.73,75.0,0.0,1.01,clear sky
acari,PE,-15.4311,-74.6158,80.22,69.0,81.0,11.01,broken clouds
bilma,NE,18.6853,12.9164,66.43,14.0,33.0,10.51,scattered clouds
gazojak,TM,41.1875,61.4036,25.29,83.0,10.0,11.16,clear sky
yeniseysk,RU,58.4497,92.1703,-15.74,100.0,77.0,2.04,broken clouds
rapar,IN,23.5667,70.6333,61.12,25.0,0.0,3.31,clear sky
tonj,SS,7.2737,28.6822,85.57,20.0,37.0,4.88,scattered clouds
corn island,NI,12.1694,-83.0418,80.44,70.0,12.0,17.58,few clouds
bin qirdan,TN,33.1378,11.2197,54.19,61.0,39.0,9.08,scattered clouds
rosetta,EG,31.4044,30.4164,53.42,54.0,56.0,18.97,broken clouds
takoradi,GH,4.8845,-1.7554,82.63,67.0,15.0,11.01,few clouds
amol,IR,36.4696,52.3507,43.52,60.0,0.0,3.09,clear sky
tukrah,LY,32.5341,20.5791,52.16,50.0,84.0,15.32,broken clouds
petropavlovsk-kamchatskiy,RU,53.0452,158.6483,1.99,72.0,0.0,11.18,clear sky
chipinge,ZW,-20.1883,32.6236,63.88,87.0,98.0,5.55,overcast clouds
antalaha,MG,-14.9003,50.2788,76.21,89.0,99.0,1.92,overcast clouds
ihosy,MG,-22.4,46.1167,69.76,87.0,74.0,17.36,broken clouds
topeka,US,39.0483,-95.678,44.69,57.0,0.0,11.5,clear sky
buchanan,LR,5.8808,-10.0467,87.76,64.0,1.0,12.01,clear sky
altay,CN,47.8667,88.1167,5.18,60.0,2.0,7.83,clear sky
potchefstroom,ZA,-26.7167,27.1,70.47,36.0,10.0,5.39,clear sky
swellendam,ZA,-34.0226,20.4417,79.18,35.0,11.0,8.79,few clouds
bintulu,MY,3.1667,113.0333,79.21,89.0,40.0,3.44,scattered clouds
yuancheng,CN,36.652,107.7896,30.43,96.0,99.0,1.99,overcast clouds
collie,AU,-33.3667,116.15,62.98,90.0,0.0,8.19,clear sky
phalaborwa,ZA,-23.943,31.1411,78.08,49.0,47.0,13.96,scattered clouds
neresnytsya,UA,48.1181,23.7659,21.6,89.0,39.0,3.67,scattered clouds
zeya,RU,53.75,127.2667,-6.68,95.0,6.0,2.82,clear sky
kulhudhuffushi,MV,6.6221,73.07,82.04,61.0,57.0,12.08,broken clouds
calabozo,VE,8.9242,-67.4293,91.72,34.0,11.0,7.54,few clouds
gallup,US,35.5281,-108.7426,37.24,60.0,0.0,1.01,clear sky
tokmak,UA,47.2514,35.7058,27.45,88.0,100.0,18.9,overcast clouds
nogliki,RU,51.8333,143.1667,-5.89,98.0,13.0,9.93,few clouds
neyshabur,IR,36.2133,58.7958,34.92,31.0,0.0,0.51,clear sky
green river,US,41.5286,-109.4662,27.0,74.0,69.0,1.99,broken clouds
raymond,US,43.9015,-70.4703,30.51,51.0,100.0,8.14,overcast clouds
pavilosta,LV,56.8879,21.1859,35.55,84.0,66.0,13.65,broken clouds
temyasovo,RU,52.9933,58.1014,-5.44,98.0,84.0,3.04,broken clouds
boca do acre,BR,-8.7522,-67.3978,84.02,67.0,92.0,2.75,overcast clouds
fonte boa,BR,-2.4959,-66.2662,85.68,69.0,92.0,1.83,overcast clouds
providencia,MX,28.7167,-111.5833,63.86,60.0,0.0,4.14,clear sky
mettur,IN,11.8,77.8,76.86,50.0,15.0,3.31,few clouds
fort nelson,CA,58.8053,-122.7002,15.39,92.0,75.0,2.3,broken clouds
urumqi,CN,43.801,87.6005,13.15,86.0,75.0,4.47,mist
sisimiut,GL,66.9395,-53.6735,19.44,75.0,100.0,20.45,light snow
deniliquin,AU,-35.5333,144.9667,74.88,38.0,100.0,7.54,overcast clouds
la palma,US,33.8464,-118.0467,70.16,36.0,0.0,1.01,clear sky
bording,DK,56.1465,9.2753,43.45,100.0,100.0,11.5,mist
hoa binh,VN,20.8133,105.3383,69.69,97.0,23.0,1.59,few clouds
isangel,VU,-19.55,169.2667,79.9,81.0,41.0,2.06,scattered clouds
waipawa,NZ,-41.4122,175.5153,56.03,89.0,100.0,4.38,overcast clouds
mitu,CO,1.1983,-70.1733,84.4,71.0,61.0,1.7,broken clouds
